{"cameraMode":{"drawMode":0,"name":"Shaded","section":"Shading Mode"},"sceneLighting":true,"audioPlay":false,"sceneViewState":{"m_AlwaysRefresh":false,"showFog":true,"showSkybox":true,"showFlares":true,"showImageEffects":true,"showParticleSystems":true,"showVisualEffectGraphs":true,"m_FxEnabled":true},"in2DMode":false,"pivot":{"x":0.5935420989990234,"y":-4.202289581298828,"z":-3.1568946838378908},"rotation":{"x":-0.24011863768100739,"y":0.16846443712711335,"z":-0.04237612336874008,"w":-0.9550888538360596},"size":9.368911743164063,"orthographic":false}