{"cameraMode":{"drawMode":0,"name":"Shaded","section":"Shading Mode"},"sceneLighting":false,"audioPlay":false,"sceneViewState":{"m_AlwaysRefresh":false,"showFog":true,"showSkybox":false,"showFlares":true,"showImageEffects":true,"showParticleSystems":true,"showVisualEffectGraphs":true,"m_FxEnabled":true},"in2DMode":false,"pivot":{"x":-0.08002853393554688,"y":3.662578582763672,"z":-6.7170515060424809},"rotation":{"x":0.04634389653801918,"y":-0.9239056706428528,"z":0.11873957514762879,"w":0.3607892096042633},"size":8.432380676269532,"orthographic":true}